Элемент,Номер
двух дросселей на наполнителе,17
первого ролика на столике,1
нагнетательного дросселя,89
нагнетательного дросселя,105
тормозной пластины,76
недоливов,23
тормозной пластины.,93
тормозной пластины.,66
дросселей,52
дросселей,98
тормозной пластины,98
прижимного колпака,105
дросселей,105
тормозной пластины,105
дросселей,93
тормозной пластины.,93
прижимной резинки на колпаке наполнителя,70
нагнетательного дросселя,50
тормозной пластины,50
тормозной пластины,41
обоих дросселей,80
прижимного колпака,80
тормозной пластины,35
дросселей,48
нагнетательного дросселя,37
тормозной пластины,14
прижимного колпака,73
прижимного колпака,14
двух дросселей №,82
двух дросселей №,12
двух дросселей №,"85, 9"
тормозной пластины,20
нагнетательного дросселя,52
двух дросселей,73
двух дросселей,49
тормозной пластины,102
прижимного колпака,73
нагнетательного дросселя,100
сбросного дросселя,100
тормозной пластины,100
прижимной резинки,100
прижимного колпака,100
двух дросселей,107
недоливов,94
замена дросселя со2,44
устранение недоливов,104
устранение недоливов,38
замена дросселя с02,53
замена дросселя с02,53
недоливов,38
недоливов,38
недоливов,38
недоливов,38
дросселей,58
,44
устранение недолива,92
двух дросселей,36
двух дросселей,37
устранение недоливов,88
тормозной пластины,63
тормозной пластины,93
тормозной пластины,82
,41
нагнетательного дросселя,39
тормозной пластины,73
двух дросселей,73
нагнетательного дросселя,86
нагнетательного дросселя,75
тормозной пластины,43
сбросного дросселя,43
замена дросселя со2,5
сбросных дросселей.,79
замена углекислотного дросселя нагнетаничя.,57
пустая банка.,51
пустая банка.,1
стакана,66
стакана,66
нагнетательного дросселя,42
дросиля,11
дросиля,03
нагнетательного дросселя,72
замена двух дросселей со2,2
недолив,39
недолив,70
замена дросселя со2,70
замена тормозной пластины,19
тормозной пластины,26
замена дросселя со2,51
замена ддросселя со2,90
дроссиля наполнитель,94
верхнего толкателя дроссиля,6
тормозной пластины,35
дросиля,99
дроселя,96
дроселя,97
недоливов,19
недоливов,19
недоливов,19
тормозной пластины.,19
дроселя,86
верхнего дроселя,105
уплотнение прижимного стакана.,55
,75
прижимного стакана,39
дросселей,39
прижимного цилиндра,67
двух дросселей,67
наполнителя,67
устранение недоливов,49
устранение недоливов,49
дросселя,103
дросселя нагнетания. клапан,48
дросселя нагнетания. клапан,46
двух дросселей,107
двух дросселей,66
недолива,77
недолива,86
недоливов,44
"недолива, наполнитель",62
недоливы,44
устранение недолива,29
тормозной пластины,12
нагнетательного дросселя,12
недоливов,70
тормозной пластины и дросселя нагнетания,48
тормозной пластины,99
недолива,106
двух дросселей и пластины,26
двух дросселей и пластины,38
двух дросселей и пластины,108
двух дросселей,10
двух дросселей,6
тормозной пластины,102
дросселей и тормоз. пластины,72
дросселей,10
дросселя,98
недолив.,45
"дросселей и тормозной пластины, наполнитель",29
сбросного дросселя,10
нагнетательного дросселя,10
тормозной пластины,10
обоих дросселей,22
тормозной пластины,22
прижимного стакана,22
недоливов наполнитель,44
недоливов наполнитель,57
устранение недоливов,94
колпака,63
тормозной пластины,63
обоих дросселей,63
нагнетательного дросселя,10
сбросного дросселя,10
тормозной пластины,10
прижимного колпака,10
обоих дросселей,44
прижимного колпака,44
тормозной пластины,44
устранение недоливов,16
недоливы,66
недоливы,10
тормозной пластины,47
сбросного клапана,47
прижимного колпака,47
нагнетательного дросселя,47
наполнителя,47
сбросного дросселя,10
нагнетательного дросселя,10
сбросного дросселя,6
нагнетательного дросселя,6
сбросного дросселя,108
нагнетательного дросселя,108
прижимного колпака,108
обоих дросселей,100
наполнителя,100
наполнителя,108
обоих дросселей,99
дросиля,99
устранение недоливов,52
недолив,97
недолива,40
тормозной пластины и сбросного дросселя,30
дросселя и тормозной пластины,46
дросселя и тормоз. пластины. наполнитель,21
тормозной пластины и сбросного дросселя,97
тормозной пластины,31
тормозной пластины и сбросного дросселя,54
тормоз. пластина и дросселей наполнитель,76
тормозн. пластины и дросселей наполнитель,53
тормозной пластин. и дросселей наполнитель,20
тормоз. пластины. дросселей. стакана. наполнитель,102
недолива наполнитель,4
тормозной пластины и прижимного стакана,37
двух дросселей,18
тормозной пластины,18
наполнителя,18
тормозной пластины,72
двух дросселей,72
наполнителя,72
двух дросселей,10
двух дросселей,55
двух дросселей,2
"дросселя, наполнитель",82
"тормозной пластина , наполнитель",31
"дросселей, наполнитель",31
двух дросселей,31
сбросного дросселя,72
нагнетательного дросселя,72
двух дросселей,22
пластины,50
нагнетательного дросселя,76
тормозной пластины,10
"дросселей, тормозной пластины. наполнитель",71
тормозной пластины,39
тормозно пластины,24
тормозной пластины и дроссиля,89
дроссиля,19
тормозной пластины,96
тормозной пластины,94
тормозной пластины,51
тормозной пластины,98
нагнетательного дросселя,86
тормозной пластины,26
двух дросселей,26
тормозной пластины,10
дросслей,18
дроселя,92
тормоз. пластины и дросселя,47
недоливов.замена дросседей нагрузки,104
тор. пластины и дросселя нагрузки,19
дросселей,9
тормозной пластины и дроселя нагрузки,12
дроселей нагрузки,107
недоливов,62
недоливов,22
верхнего дросселя. наполнитель,3
недоливов,39
недоливов,39
недолива,17
недолива,71
тор. пластины,63
дросселя,33
тормозной пластины,10
тормозной пластины,66
